Coordinator,Surname,First Name,Email
,Jassal,Bijay,bj1@ebi.ac.uk
,Varusai,Thawfeek,tvarusai@ebi.ac.uk
,Gillespie,Marc,gillespm@gmail.com
,D'Eustachio,Peter,Peter.D'Eustachio@nyumc.org
TRUE,Matthews,Lisa,lmatthews.nyumc@gmail.com
,Shamovsky,Veronica,vshamovsky@gmail.com
,May ,Bruce,broose.may@gmail.com
,Rothfels,Karen,Karen.Rothfels@oicr.on.ca
,Orlic-Milacic,Marija,Marija.Orlic-Milacic@oicr.on.ca